tag,length,average_ratio,point
top204,8,0.1875,-50
top204,9,0.2222222222222222,-50
top204,10,0.32,-50
top204,11,0.1487603305785124,-50
top204,12,0.20833333333333334,-50
top204,13,0.2366863905325444,-50
top204,14,0.0,-50
top204,18,0.3148148148148148,-50
top204,16,0.0,-50
top204,15,0.28444444444444444,-50
top204,20,0.31,-50
top204,17,0.24221453287197228,-50
top204,19,0.26038781163434904,-50
top204,26,0.38461538461538464,-50
